file_name,text,section,direction
"count-01.mp3","One.","Rep counts","Short and punchy, like a coach counting reps."
"count-02.mp3","Two.","Rep counts","Short and punchy, like a coach counting reps."
"count-03.mp3","Three.","Rep counts","Short and punchy, like a coach counting reps."
"count-04.mp3","Four.","Rep counts","Short and punchy, like a coach counting reps."
"count-05.mp3","Five.","Rep counts","Short and punchy, like a coach counting reps."
"count-06.mp3","Six.","Rep counts","Short and punchy, like a coach counting reps."
"count-07.mp3","Seven.","Rep counts","Short and punchy, like a coach counting reps."
"count-08.mp3","Eight.","Rep counts","Short and punchy, like a coach counting reps."
"count-09.mp3","Nine.","Rep counts","Short and punchy, like a coach counting reps."
"count-10.mp3","Ten.","Rep counts","Short and punchy, like a coach counting reps."
"count-11.mp3","Eleven.","Rep counts","Short and punchy, like a coach counting reps."
"count-12.mp3","Twelve.","Rep counts","Short and punchy, like a coach counting reps."
"count-13.mp3","Thirteen.","Rep counts","Short and punchy, like a coach counting reps."
"count-14.mp3","Fourteen.","Rep counts","Short and punchy, like a coach counting reps."
"count-15.mp3","Fifteen.","Rep counts","Short and punchy, like a coach counting reps."
"count-16.mp3","Sixteen.","Rep counts","Short and punchy, like a coach counting reps."
"count-17.mp3","Seventeen.","Rep counts","Short and punchy, like a coach counting reps."
"count-18.mp3","Eighteen.","Rep counts","Short and punchy, like a coach counting reps."
"count-19.mp3","Nineteen.","Rep counts","Short and punchy, like a coach counting reps."
"count-20.mp3","Twenty.","Rep counts","Short and punchy, like a coach counting reps."
"count-21.mp3","Twenty-one.","Rep counts","Short and punchy, like a coach counting reps."
"count-22.mp3","Twenty-two.","Rep counts","Short and punchy, like a coach counting reps."
"count-23.mp3","Twenty-three.","Rep counts","Short and punchy, like a coach counting reps."
"count-24.mp3","Twenty-four.","Rep counts","Short and punchy, like a coach counting reps."
"count-25.mp3","Twenty-five.","Rep counts","Short and punchy, like a coach counting reps."
"count-26.mp3","Twenty-six.","Rep counts","Short and punchy, like a coach counting reps."
"count-27.mp3","Twenty-seven.","Rep counts","Short and punchy, like a coach counting reps."
"count-28.mp3","Twenty-eight.","Rep counts","Short and punchy, like a coach counting reps."
"count-29.mp3","Twenty-nine.","Rep counts","Short and punchy, like a coach counting reps."
"count-30.mp3","Thirty.","Rep counts","Short and punchy, like a coach counting reps."
"cam-turn-side-on.mp3","Turn side on to the camera. Whole body in frame.","Camera coach","Clear and encouraging."
"cam-face-camera.mp3","Face the camera. Whole body in frame.","Camera coach","Clear and encouraging."
"cam-step-back.mp3","Step back. I need to see you from head to feet.","Camera coach","Clear and encouraging."
"cam-come-closer.mp3","Come a little closer.","Camera coach","Clear and encouraging."
"cam-too-dark.mp3","It's too dark. Find more light.","Camera coach","Clear and encouraging."
"cam-turn-more.mp3","Turn a little more side on.","Camera coach","Clear and encouraging."
"cam-face-more.mp3","Turn to face the camera.","Camera coach","Clear and encouraging."
"cam-lost-you.mp3","I lost you. Step back into the frame.","Camera coach","Clear and encouraging."
"cam-locked-on.mp3","Got you. Get into your start position.","Camera coach","Clear and encouraging."
"cam-get-ready.mp3","Get ready.","Camera coach","Clear and encouraging."
"go.mp3","Go!","Camera coach","Clear and encouraging."
"cam-target-reached.mp3","Target reached. Finish when you are ready.","Camera coach","Clear and encouraging."
"cam-set-complete.mp3","Set complete. Nice work.","Camera coach","Clear and encouraging."
"cam-hold-complete.mp3","Hold complete. Well done.","Camera coach","Clear and encouraging."
"cam-hold-start.mp3","Hold it. Breathe.","Camera coach","Clear and encouraging."
"cam-halfway.mp3","Halfway there. Stay strong.","Camera coach","Clear and encouraging."
"praise-good-rep.mp3","Good rep.","Praise","Warm, upbeat, quick."
"praise-nice-control.mp3","Nice control.","Praise","Warm, upbeat, quick."
"praise-thats-it.mp3","That's it.","Praise","Warm, upbeat, quick."
"praise-clean-rep.mp3","Clean rep.","Praise","Warm, upbeat, quick."
"praise-strong.mp3","Strong!","Praise","Warm, upbeat, quick."
"praise-perfect-depth.mp3","Perfect depth.","Praise","Warm, upbeat, quick."
"fix-squat-partial.mp3","Go deeper — aim for thighs parallel to the floor","Form corrections","Bodyweight Squat: rep was too short. Firm but friendly."
"fix-squat-chest.mp3","Chest up — keep your torso tall","Form corrections","Bodyweight Squat: form mistake. Firm but friendly."
"fix-lunge-partial.mp3","Drop your back knee lower","Form corrections","Reverse Lunge: rep was too short. Firm but friendly."
"fix-lunge-lean.mp3","Stay tall — don't lean forward","Form corrections","Reverse Lunge: form mistake. Firm but friendly."
"fix-rdl-partial.mp3","Hinge deeper — push your hips further back","Form corrections","Romanian Deadlift: rep was too short. Firm but friendly."
"fix-rdl-squatty.mp3","Too much knee bend — push your hips back instead","Form corrections","Romanian Deadlift: form mistake. Firm but friendly."
"fix-deadlift-partial.mp3","Finish tall — squeeze your glutes at the top","Form corrections","Deadlift: rep was too short. Firm but friendly."
"fix-deadlift-hipsfirst.mp3","Hips rising too fast — lift chest and hips together","Form corrections","Deadlift: form mistake. Firm but friendly."
"fix-glute-bridge-partial.mp3","Push your hips higher — squeeze your glutes","Form corrections","Glute Bridge: rep was too short. Firm but friendly."
"fix-calf-raise-partial.mp3","Rise higher onto the balls of your feet","Form corrections","Standing Calf Raise: rep was too short. Firm but friendly."
"fix-wall-sit-high.mp3","Slide lower — thighs parallel to the floor","Form corrections","Wall Sit: form mistake. Firm but friendly."
"fix-pushup-partial.mp3","Go lower — chest toward the floor","Form corrections","Push-up: rep was too short. Firm but friendly."
"fix-pushup-sag.mp3","Hips are sagging — squeeze glutes and brace your abs","Form corrections","Push-up: form mistake. Firm but friendly."
"fix-pushup-pike.mp3","Hips too high — lower them into one straight line","Form corrections","Push-up: form mistake. Firm but friendly."
"fix-bench-press-partial.mp3","Lower the bar all the way to your chest","Form corrections","Bench Press: rep was too short. Firm but friendly."
"fix-shoulder-press-partial.mp3","Press all the way to lockout","Form corrections","Dumbbell Shoulder Press: rep was too short. Firm but friendly."
"fix-shoulder-press-uneven.mp3","Press both arms evenly","Form corrections","Dumbbell Shoulder Press: form mistake. Firm but friendly."
"fix-lateral-raise-partial.mp3","Raise your arms to shoulder height","Form corrections","Lateral Raise: rep was too short. Firm but friendly."
"fix-lateral-raise-high.mp3","Stop at shoulder height","Form corrections","Lateral Raise: form mistake. Firm but friendly."
"fix-lateral-raise-swing.mp3","Don't swing — use a lighter weight","Form corrections","Lateral Raise: form mistake. Firm but friendly."
"fix-dips-partial.mp3","Lower until your elbows reach 90°","Form corrections","Bench Dips: rep was too short. Firm but friendly."
"fix-bent-row-partial.mp3","Pull the weight all the way to your ribs","Form corrections","Bent-over Row: rep was too short. Firm but friendly."
"fix-bent-row-upright.mp3","Hinge forward more — chest toward the floor","Form corrections","Bent-over Row: form mistake. Firm but friendly."
"fix-pullup-partial.mp3","Pull until your chin clears the bar","Form corrections","Pull-up: rep was too short. Firm but friendly."
"fix-bicep-curl-partial.mp3","Curl all the way up","Form corrections","Dumbbell Curl: rep was too short. Firm but friendly."
"fix-bicep-curl-elbows.mp3","Pin your elbows to your sides","Form corrections","Dumbbell Curl: form mistake. Firm but friendly."
"fix-bicep-curl-swing.mp3","Don't swing — keep your torso still","Form corrections","Dumbbell Curl: form mistake. Firm but friendly."
"fix-crunch-partial.mp3","Curl your shoulder blades off the floor","Form corrections","Crunch: rep was too short. Firm but friendly."
"fix-mountain-climber-partial.mp3","Drive your knees closer to your chest","Form corrections","Mountain Climbers: rep was too short. Firm but friendly."
"fix-jumping-jack-partial.mp3","Swing your arms all the way overhead","Form corrections","Jumping Jacks: rep was too short. Firm but friendly."
"fix-jumping-jack-feet.mp3","Jump your feet wider","Form corrections","Jumping Jacks: form mistake. Firm but friendly."
"fix-high-knees-partial.mp3","Drive your knees up to hip height","Form corrections","High Knees: rep was too short. Firm but friendly."
"fix-tempo.mp3","Slow down. Control every rep.","Form corrections","Any exercise: reps are rushed."
"rest-over.mp3","Rest is over. Next set.","Workout","Energetic."
"next-exercise.mp3","Next exercise. Watch the coach first.","Workout","Energetic."
"workout-complete.mp3","Workout complete. Great job.","Workout","Energetic."
"breath-in.mp3","Breathe in.","Breathwork","Slow, soft, calm. Leave space at the end."
"breath-top-up.mp3","Top up.","Breathwork","Slow, soft, calm. Leave space at the end."
"breath-out.mp3","Breathe out.","Breathwork","Slow, soft, calm. Leave space at the end."
"breath-hold.mp3","Hold.","Breathwork","Slow, soft, calm. Leave space at the end."
"breath-follow-orb.mp3","Follow the orb. Let your breathing slow down.","Breathwork","Slow, soft, calm. Leave space at the end."
"breath-get-comfortable.mp3","Get comfortable.","Breathwork","Slow, soft, calm. Leave space at the end."
"breath-end.mp3","Gently return. Notice how you feel.","Breathwork","Slow, soft, calm. Leave space at the end."
"nsdr-01.mp3","Lie down. Let your eyes close. Breathe in through the nose, and let the exhale be long.","Deep rest (NSDR)","Very slow and soothing, almost a whisper."
"nsdr-02.mp3","Bring attention to your feet. Notice the weight of your heels. Let them soften.","Deep rest (NSDR)","Very slow and soothing, almost a whisper."
"nsdr-03.mp3","Move to your calves and knees. Release any effort you find there.","Deep rest (NSDR)","Very slow and soothing, almost a whisper."
"nsdr-04.mp3","Your thighs and hips. Let the floor hold you completely.","Deep rest (NSDR)","Very slow and soothing, almost a whisper."
"nsdr-05.mp3","Your belly rises and falls on its own. You do not need to control it.","Deep rest (NSDR)","Very slow and soothing, almost a whisper."
"nsdr-06.mp3","Chest, shoulders, arms, hands. Let each one become heavy and warm.","Deep rest (NSDR)","Very slow and soothing, almost a whisper."
"nsdr-07.mp3","Your jaw unclenches. Your tongue rests. The space between your eyebrows smooths out.","Deep rest (NSDR)","Very slow and soothing, almost a whisper."
"nsdr-08.mp3","Rest as the whole body at once. Awake, but completely still.","Deep rest (NSDR)","Very slow and soothing, almost a whisper."
"nsdr-09.mp3","If thoughts arrive, let them pass like traffic outside a window.","Deep rest (NSDR)","Very slow and soothing, almost a whisper."
"nsdr-10.mp3","Begin to deepen the breath. Wiggle your fingers and toes.","Deep rest (NSDR)","Very slow and soothing, almost a whisper."
"nsdr-11.mp3","When you are ready, open your eyes. Take this calm with you.","Deep rest (NSDR)","Very slow and soothing, almost a whisper."
"welcome.mp3","Welcome to KAYA. Your trainer is ready.","App","Friendly."
"day-closed.mp3","All three done. Your day is closed. See you tomorrow.","App","Friendly."
"level-up.mp3","Level up. Keep that fire going.","App","Friendly."
